album_id,title,release_date,artist_id
1,Profound disintermediate projection,2021-12-29,138
2,Object-based multi-state budgetary management,2022-02-19,115
3,Optimized local collaboration,2020-02-15,36
4,Managed mission-critical time-frame,2017-08-20,109
5,Ameliorated multi-state flexibility,2020-02-18,47
6,Quality-focused secondary emulation,2020-02-09,72
7,Reactive empowering capability,2021-01-17,119
8,Vision-oriented next generation productivity,2025-05-28,64
9,Ameliorated 3rdgeneration approach,2023-11-16,20
10,Virtual optimizing collaboration,2018-08-21,114
11,Balanced 6thgeneration matrix,2021-11-16,141
12,Reactive mission-critical archive,2024-01-12,26
13,Triple-buffered mission-critical success,2019-08-22,13
14,Advanced systemic initiative,2024-08-20,167
15,Ergonomic mobile system engine,2015-08-29,139
16,Adaptive tertiary adapter,2016-08-15,4
17,Customizable background application,2022-02-10,24
18,Organic asynchronous methodology,2016-01-13,193
19,Cross-group asynchronous array,2018-04-01,61
20,Networked incremental approach,2023-05-11,43
21,Enhanced neutral customer loyalty,2020-10-10,105
22,Fundamental solution-oriented leverage,2023-06-26,125
23,Adaptive systemic success,2022-09-15,124
24,Public-key attitude-oriented alliance,2016-07-06,55
25,Assimilated 5thgeneration model,2024-06-07,103
26,Upgradable empowering database,2022-09-07,16
27,Grass-roots context-sensitive framework,2018-10-04,43
28,Proactive coherent architecture,2018-09-03,98
29,Operative multi-state service-desk,2025-04-04,1
30,Phased eco-centric matrices,2017-12-15,100
31,Enhanced systematic extranet,2018-03-01,68
32,Object-based tertiary projection,2022-10-29,117
33,User-friendly methodical encoding,2021-01-26,74
34,Vision-oriented demand-driven success,2023-11-14,109
35,Triple-buffered secondary artificial intelligence,2017-04-04,179
36,Programmable heuristic open architecture,2015-12-18,188
37,Phased eco-centric archive,2024-05-17,143
38,Synergized multi-tasking capacity,2018-12-28,170
39,Persistent optimizing definition,2024-07-22,184
40,Triple-buffered grid-enabled benchmark,2021-03-25,125
41,Front-line reciprocal middleware,2018-01-22,40
42,Upgradable tangible framework,2021-10-02,49
43,Networked client-driven focus group,2021-01-25,76
44,Distributed 24/7 application,2023-05-14,56
45,Automated heuristic projection,2023-10-21,15
46,Integrated systematic algorithm,2018-02-11,149
47,Monitored transitional concept,2016-07-09,189
48,Business-focused cohesive task-force,2019-07-23,139
49,Reactive 24/7 collaboration,2018-10-01,16
50,Managed global Local Area Network,2021-01-26,192
51,Organized analyzing conglomeration,2024-11-26,81
52,Assimilated multi-tasking concept,2016-07-29,15
53,Sharable even-keeled pricing structure,2024-04-11,13
54,Devolved upward-trending success,2018-01-07,150
55,Synergized full-range function,2025-01-19,123
56,Secured mobile algorithm,2019-01-05,129
57,Public-key foreground circuit,2018-10-04,136
58,Networked intangible throughput,2018-12-22,41
59,Focused optimal hub,2018-12-01,15
60,Total asynchronous model,2018-07-24,131
61,Operative clear-thinking array,2017-10-23,21
62,User-centric national customer loyalty,2021-06-25,48
63,Optimized zero-defect website,2021-10-26,18
64,Switchable homogeneous analyzer,2021-01-11,153
65,Cross-group clear-thinking success,2024-04-20,18
66,Customer-focused holistic middleware,2017-05-15,173
67,Profound bi-directional toolset,2023-05-15,61
68,Decentralized hybrid hardware,2025-03-03,104
69,Configurable secondary capability,2020-07-16,31
70,Proactive responsive core,2018-03-16,146
71,Stand-alone holistic complexity,2019-03-19,64
72,Distributed zero administration workforce,2016-07-19,149
73,Stand-alone modular superstructure,2018-06-07,153
74,Ergonomic optimal help-desk,2020-03-07,11
75,Mandatory client-driven task-force,2016-06-04,159
76,Customizable even-keeled attitude,2021-01-12,21
77,Networked bottom-line migration,2017-04-23,108
78,Open-architected neutral challenge,2021-11-08,169
79,Re-engineered context-sensitive strategy,2023-01-07,150
80,Sharable logistical monitoring,2024-10-27,145
81,Organic actuating algorithm,2018-03-31,134
82,Reactive global throughput,2021-03-17,81
83,Universal asymmetric database,2021-03-25,67
84,Synchronized bifurcated workforce,2018-06-13,53
85,Cloned homogeneous pricing structure,2022-01-28,172
86,Reverse-engineered executive policy,2020-06-12,184
87,Mandatory directional application,2020-10-02,81
88,Stand-alone tertiary leverage,2017-05-25,62
89,Robust interactive moratorium,2015-10-07,68
90,Adaptive multimedia customer loyalty,2021-04-15,102
91,Public-key analyzing ability,2016-01-05,34
92,Organic directional workforce,2025-05-11,172
93,Re-contextualized incremental implementation,2018-08-01,166
94,Stand-alone well-modulated definition,2016-06-30,77
95,Grass-roots hybrid model,2022-01-10,118
96,Automated optimal matrices,2021-12-05,81
97,Synergized fresh-thinking collaboration,2024-05-01,193
98,Universal directional array,2016-09-03,19
99,Down-sized bi-directional alliance,2019-06-26,3
100,Enterprise-wide modular application,2019-05-19,118
101,Switchable multimedia policy,2021-10-06,160
102,Configurable foreground firmware,2017-01-05,145
103,Upgradable transitional model,2019-03-16,26
104,Extended optimizing firmware,2017-03-24,19
105,Fundamental user-facing collaboration,2024-02-17,138
106,Cloned modular challenge,2022-08-08,55
107,Visionary web-enabled extranet,2021-06-23,130
108,Synchronized cohesive hardware,2023-01-07,68
109,Open-architected next generation encryption,2023-12-15,34
110,Upgradable zero-defect process improvement,2020-02-27,90
111,Optimized mission-critical open architecture,2025-01-04,18
112,Persevering fresh-thinking protocol,2017-09-02,63
113,Optimized mission-critical circuit,2018-02-07,95
114,Front-line optimal budgetary management,2019-11-08,73
115,Synergistic tertiary focus group,2024-08-10,41
116,Front-line content-based superstructure,2018-10-19,113
117,Profit-focused motivating service-desk,2019-01-13,140
118,Total disintermediate standardization,2017-07-07,181
119,Synergized encompassing extranet,2023-05-02,78
120,User-centric zero-defect focus group,2025-01-04,157
121,Business-focused eco-centric application,2015-10-15,168
122,Multi-lateral maximized capability,2019-04-15,136
123,De-engineered leadingedge superstructure,2016-05-25,3
124,Synergistic multi-state orchestration,2019-01-28,171
125,Synergistic impactful utilization,2019-11-16,142
126,Virtual logistical frame,2018-02-15,77
127,Open-architected discrete website,2023-07-16,170
128,Digitized fresh-thinking paradigm,2025-04-25,27
129,Assimilated systemic focus group,2016-04-11,35
130,Compatible disintermediate functionalities,2015-08-30,68
131,Mandatory client-driven functionalities,2025-02-24,30
132,Integrated radical function,2021-08-17,28
133,Fully-configurable intangible framework,2018-08-09,191
134,Virtual stable middleware,2016-11-20,142
135,Virtual tertiary Internet solution,2018-07-24,40
136,Inverse clear-thinking focus group,2019-03-05,70
137,Adaptive user-facing synergy,2018-12-09,73
138,Implemented heuristic attitude,2017-04-06,155
139,Front-line 5thgeneration moratorium,2016-03-26,54
140,Mandatory incremental middleware,2024-04-24,184
141,Cross-group bi-directional info-mediaries,2022-08-28,88
142,Ameliorated asymmetric capacity,2022-05-18,53
143,Managed discrete process improvement,2016-08-30,176
144,Automated didactic interface,2018-03-05,163
145,Phased clear-thinking secured line,2019-12-25,68
146,Enhanced multimedia matrices,2022-03-07,130
147,Intuitive hybrid functionalities,2017-10-21,126
148,Front-line directional benchmark,2022-10-13,65
149,Reactive systematic data-warehouse,2020-10-15,14
150,Persistent reciprocal algorithm,2020-05-23,24
151,Realigned intangible architecture,2019-07-15,163
152,Diverse optimal matrices,2022-08-10,109
153,Enterprise-wide modular website,2025-01-15,71
154,Future-proofed static infrastructure,2017-04-23,12
155,Re-engineered static archive,2021-02-17,1
156,Profound 24/7 matrices,2022-04-25,86
157,Robust stable service-desk,2020-10-02,198
158,Right-sized disintermediate functionalities,2020-03-13,34
159,Ameliorated clear-thinking methodology,2015-08-14,164
160,Configurable heuristic array,2022-12-31,68
161,Organic reciprocal challenge,2024-11-25,42
162,Expanded incremental support,2019-12-16,190
163,Re-contextualized zero-defect attitude,2023-07-15,114
164,Reduced 5thgeneration service-desk,2015-07-03,142
165,Streamlined foreground info-mediaries,2017-03-17,181
166,Open-architected logistical capacity,2024-08-23,110
167,Profit-focused coherent frame,2020-01-30,144
168,Implemented bottom-line task-force,2019-08-09,3
169,Compatible secondary intranet,2020-04-09,29
170,Ameliorated dynamic interface,2019-03-23,20
171,Upgradable responsive firmware,2018-02-18,177
172,Cross-platform eco-centric database,2016-09-15,39
173,Proactive clear-thinking collaboration,2019-01-23,140
174,Implemented high-level knowledge user,2022-08-26,10
175,Networked solution-oriented architecture,2024-07-11,95
176,Operative asymmetric matrix,2025-03-02,150
177,Profit-focused directional initiative,2017-10-18,142
178,Integrated optimal capacity,2015-10-23,38
179,Front-line empowering moderator,2017-08-22,111
180,Customizable multi-tasking adapter,2024-03-21,33
181,Innovative didactic productivity,2015-09-29,11
182,Stand-alone systematic knowledge user,2016-10-19,79
183,Automated executive hierarchy,2017-07-22,94
184,Profit-focused clear-thinking moderator,2018-01-12,11
185,Robust interactive capability,2016-04-24,92
186,Organized context-sensitive encoding,2016-05-02,54
187,Multi-lateral fault-tolerant circuit,2019-08-24,175
188,Proactive empowering focus group,2023-11-02,64
189,Function-based intermediate flexibility,2024-09-19,171
190,Future-proofed exuding function,2021-10-09,27
191,Right-sized multimedia service-desk,2016-12-06,91
192,Robust eco-centric initiative,2021-12-12,200
193,Face-to-face tertiary functionalities,2018-11-18,144
194,De-engineered composite matrices,2015-10-15,105
195,Profound fault-tolerant structure,2021-08-28,159
196,Switchable directional core,2020-04-26,192
197,Persistent bi-directional customer loyalty,2017-12-14,40
198,Virtual full-range functionalities,2023-08-11,61
199,Visionary bifurcated firmware,2017-11-26,42
200,Decentralized attitude-oriented ability,2017-09-28,46
201,Reverse-engineered homogeneous policy,2020-06-30,106
202,Virtual incremental knowledgebase,2017-05-21,7
203,Reactive asynchronous analyzer,2019-07-27,46
204,Phased solution-oriented software,2022-07-08,189
205,Customer-focused client-server productivity,2024-03-24,86
206,Configurable zero tolerance budgetary management,2019-07-17,106
207,Optional 6thgeneration Internet solution,2020-12-22,172
208,Object-based full-range workforce,2016-04-04,189
209,De-engineered 5thgeneration intranet,2024-03-29,64
210,Compatible zero-defect algorithm,2022-12-21,69
211,Total mobile knowledge user,2019-10-10,41
212,Down-sized attitude-oriented complexity,2017-10-05,180
213,Persistent optimizing access,2022-07-02,28
214,Multi-channeled exuding access,2021-02-05,98
215,Intuitive client-driven matrices,2017-07-18,10
216,Re-contextualized explicit array,2015-09-01,121
217,Re-engineered 4thgeneration moderator,2024-08-26,57
218,Progressive exuding definition,2016-09-01,52
219,Distributed composite solution,2024-06-08,118
220,User-friendly radical definition,2025-02-11,90
221,Future-proofed full-range info-mediaries,2023-09-13,79
222,Adaptive mobile hardware,2022-02-06,59
223,Expanded system-worthy system engine,2023-05-04,58
224,Streamlined object-oriented service-desk,2024-05-09,7
225,Total zero tolerance capacity,2018-10-14,169
226,Synergized homogeneous matrix,2020-01-27,50
227,Inverse maximized firmware,2022-10-11,103
228,Managed leadingedge process improvement,2015-12-25,85
229,Switchable bandwidth-monitored open architecture,2022-12-30,72
230,Multi-channeled disintermediate flexibility,2018-12-29,18
231,Compatible system-worthy help-desk,2024-06-22,198
232,Automated asynchronous productivity,2024-05-15,72
233,Diverse regional alliance,2021-01-22,90
234,Future-proofed dedicated firmware,2018-01-13,165
235,Switchable composite moderator,2023-03-05,131
236,Reverse-engineered real-time artificial intelligence,2016-11-10,103
237,Focused neutral capability,2018-01-08,174
238,Profit-focused analyzing Local Area Network,2018-04-16,138
239,Expanded context-sensitive functionalities,2021-08-23,85
240,Persevering multi-state capacity,2023-04-15,8
241,Networked multi-tasking definition,2017-02-15,30
242,Upgradable executive firmware,2019-11-21,67
243,Customer-focused upward-trending flexibility,2021-11-03,46
244,Managed global firmware,2019-02-12,149
245,Secured didactic workforce,2021-03-21,68
246,Right-sized background initiative,2020-01-20,10
247,Grass-roots radical strategy,2022-10-28,28
248,Distributed encompassing implementation,2016-07-27,153
249,Centralized bi-directional hub,2017-01-04,112
250,Synergistic global framework,2018-02-16,89
251,Optional demand-driven knowledge user,2015-11-17,187
252,Down-sized needs-based synergy,2021-05-01,81
253,Quality-focused interactive challenge,2020-12-04,112
254,Stand-alone solution-oriented open architecture,2024-04-11,156
255,Cross-platform motivating forecast,2023-07-22,131
256,Multi-tiered discrete model,2021-06-06,30
257,Cloned empowering leverage,2025-06-11,99
258,Compatible scalable hierarchy,2019-03-09,148
259,Cross-group radical utilization,2017-10-18,49
260,User-centric eco-centric middleware,2018-11-28,66
261,Front-line optimal emulation,2022-10-30,12
262,Team-oriented client-server monitoring,2023-07-02,182
263,Managed human-resource standardization,2023-06-04,112
264,Synchronized next generation access,2023-03-01,1
265,Future-proofed optimal adapter,2025-03-06,134
266,Fully-configurable multi-tasking conglomeration,2021-12-31,138
267,Profit-focused asymmetric portal,2024-11-13,176
268,Extended fault-tolerant help-desk,2018-01-15,185
269,Reactive fresh-thinking orchestration,2024-05-12,190
270,Exclusive empowering benchmark,2022-03-12,189
271,Enhanced didactic neural-net,2023-03-23,172
272,Ergonomic clear-thinking forecast,2023-11-18,51
273,Visionary fault-tolerant forecast,2024-05-10,94
274,Quality-focused incremental knowledgebase,2017-10-16,111
275,Expanded bi-directional task-force,2019-04-21,18
276,Progressive 4thgeneration installation,2021-12-31,171
277,Diverse human-resource moderator,2022-12-19,85
278,Advanced attitude-oriented capability,2017-01-05,160
279,Mandatory didactic model,2018-03-17,81
280,Secured full-range task-force,2023-01-08,170
281,Polarized contextually-based policy,2022-02-06,32
282,Reduced composite pricing structure,2020-10-08,185
283,Streamlined static superstructure,2018-06-21,77
284,Synchronized interactive algorithm,2016-09-24,130
285,Ergonomic exuding toolset,2021-06-16,80
286,Fundamental bandwidth-monitored hub,2016-04-27,171
287,Persistent methodical initiative,2017-03-18,105
288,Public-key grid-enabled product,2023-03-06,84
289,De-engineered bifurcated middleware,2016-01-05,104
290,Object-based next generation framework,2020-10-23,179
291,Grass-roots intermediate standardization,2021-08-23,76
292,Persistent optimal Graphic Interface,2015-11-12,142
293,Optimized stable moratorium,2018-07-25,33
294,Adaptive executive benchmark,2020-02-02,50
295,Fundamental upward-trending focus group,2021-10-04,108
296,Business-focused directional structure,2016-11-28,171
297,Decentralized bottom-line framework,2021-11-15,98
298,Monitored bifurcated complexity,2023-10-23,174
299,Multi-layered scalable collaboration,2025-01-04,192
300,Re-engineered even-keeled Local Area Network,2024-02-09,45
301,Innovative 4thgeneration open system,2015-11-10,158
302,Reduced content-based budgetary management,2016-02-18,146
303,Customer-focused zero administration circuit,2023-12-25,78
304,Multi-lateral systemic migration,2021-01-04,104
305,Advanced zero-defect standardization,2021-06-27,141
306,Digitized bottom-line hardware,2016-10-15,1
307,Centralized stable neural-net,2016-01-17,78
308,Focused object-oriented challenge,2017-07-19,74
309,Networked intangible pricing structure,2018-07-25,54
310,Exclusive 5thgeneration process improvement,2016-12-05,111
311,Business-focused leadingedge frame,2015-07-23,149
312,Distributed stable alliance,2022-08-25,156
313,Business-focused high-level solution,2017-01-14,168
314,Multi-tiered maximized parallelism,2021-01-19,83
315,Reactive attitude-oriented service-desk,2023-04-21,120
316,Future-proofed client-driven interface,2022-02-18,114
317,Phased logistical access,2022-07-17,114
318,Intuitive bandwidth-monitored project,2017-09-20,173
319,Universal exuding capacity,2020-03-23,55
320,User-centric cohesive complexity,2022-04-27,131
321,Horizontal asymmetric data-warehouse,2015-12-26,122
322,Operative grid-enabled contingency,2019-04-22,189
323,Assimilated didactic analyzer,2015-11-20,44
324,Re-engineered stable challenge,2019-06-10,169
325,Versatile demand-driven functionalities,2025-03-11,22
326,Right-sized web-enabled policy,2020-01-21,73
327,Triple-buffered zero administration conglomeration,2017-07-16,132
328,Versatile exuding artificial intelligence,2025-02-08,170
329,Networked value-added software,2024-01-31,163
330,Ameliorated zero administration infrastructure,2022-02-23,159
331,Upgradable full-range instruction set,2016-12-21,86
332,User-friendly system-worthy infrastructure,2020-09-02,24
333,Cloned 3rdgeneration firmware,2020-03-27,193
334,Fundamental fresh-thinking service-desk,2023-07-30,61
335,Reactive hybrid algorithm,2023-02-04,173
336,Inverse exuding migration,2018-06-24,80
337,Adaptive next generation intranet,2016-11-08,58
338,Inverse systematic firmware,2024-03-23,51
339,Multi-layered modular hierarchy,2015-07-26,38
340,Virtual multi-state moderator,2023-03-30,7
341,Visionary radical analyzer,2016-12-21,12
342,Customer-focused optimal Internet solution,2019-10-03,63
343,Managed grid-enabled Local Area Network,2020-08-22,122
344,Managed fresh-thinking array,2025-01-16,157
345,Face-to-face 3rdgeneration success,2016-08-05,197
346,Exclusive tangible toolset,2024-07-17,19
347,Synchronized dynamic hub,2019-12-15,117
348,Multi-channeled human-resource model,2021-02-07,107
349,Devolved leadingedge utilization,2019-02-16,162
350,Right-sized dedicated instruction set,2024-10-11,148
351,Visionary 5thgeneration moratorium,2024-03-27,50
352,Upgradable directional workforce,2017-09-05,184
353,Object-based impactful project,2023-12-14,179
354,Operative human-resource instruction set,2024-07-19,99
355,Profit-focused static workforce,2018-03-29,127
356,Exclusive next generation open architecture,2017-09-11,103
357,Organized local knowledge user,2022-06-09,63
358,Triple-buffered systematic protocol,2021-07-12,38
359,Switchable national interface,2021-11-07,168
360,Public-key 4thgeneration monitoring,2025-01-17,177
361,Quality-focused context-sensitive system engine,2019-01-10,2
362,Multi-layered clear-thinking collaboration,2024-06-13,193
363,Phased object-oriented protocol,2016-09-08,198
364,Progressive logistical extranet,2022-02-12,28
365,Polarized directional utilization,2024-12-23,200
366,Integrated next generation Internet solution,2024-08-22,109
367,Automated bandwidth-monitored info-mediaries,2023-02-20,57
368,User-friendly neutral emulation,2022-10-26,46
369,Versatile bi-directional firmware,2025-02-19,179
370,Business-focused multi-state array,2019-01-26,133
371,De-engineered eco-centric approach,2015-07-19,119
372,Extended content-based middleware,2016-05-05,13
373,Reduced encompassing encoding,2020-04-06,143
374,Seamless explicit ability,2025-05-20,64
375,Focused context-sensitive interface,2024-10-31,32
376,Customer-focused value-added circuit,2020-06-13,117
377,Advanced solution-oriented pricing structure,2018-03-16,35
378,Visionary fault-tolerant software,2022-10-07,119
379,Customer-focused fault-tolerant moderator,2022-01-31,171
380,Inverse exuding info-mediaries,2020-03-25,136
381,Up-sized cohesive website,2016-10-09,144
382,Ergonomic object-oriented archive,2020-05-05,153
383,Exclusive system-worthy orchestration,2024-12-20,82
384,Future-proofed client-server hierarchy,2021-07-04,194
385,Persevering non-volatile orchestration,2025-05-16,114
386,Managed incremental adapter,2020-11-25,157
387,Enterprise-wide reciprocal instruction set,2017-10-16,185
388,Open-architected bi-directional knowledge user,2023-10-30,130
389,Face-to-face cohesive success,2016-08-10,110
390,Configurable local utilization,2021-07-09,141
391,Monitored systemic help-desk,2019-11-06,115
392,User-centric full-range function,2020-01-25,41
393,Enhanced multi-tasking application,2017-01-29,191
394,Decentralized non-volatile protocol,2019-04-16,122
395,User-friendly background productivity,2019-10-13,116
396,Advanced solution-oriented ability,2018-12-25,67
397,Sharable asymmetric artificial intelligence,2023-12-31,193
398,Fully-configurable exuding moderator,2023-11-03,64
399,Networked didactic workforce,2015-07-01,164
400,Cross-group incremental hardware,2017-09-16,71
