user_id,username,email,country
1,deandavid,carolkennedy@gmail.com,French Polynesia
2,steve09,ostevens@gmail.com,Nicaragua
3,beth04,pdavis@fisher.com,Israel
4,etaylor,currytaylor@hotmail.com,Nigeria
5,nicholasmorgan,jamiemckinney@gmail.com,Qatar
6,kevin41,yhartman@roberts-liu.info,Holy See (Vatican City State)
7,javier77,jeffreyhamilton@yahoo.com,Angola
8,ksellers,diana15@ellis.com,Ethiopia
9,rodriguezjoshua,stevenowens@taylor-cole.biz,Namibia
10,davismichael,xpearson@hotmail.com,Uruguay
11,vclark,carolineschmidt@beltran.com,Eritrea
12,claudiakim,emma70@smith.org,Bangladesh
13,cookryan,kaylanelson@guerrero-moore.com,Bermuda
14,david68,fedwards@harvey.com,Moldova
15,wangbrian,ghunter@robinson.biz,Poland
16,tjackson,iyork@yahoo.com,Syrian Arab Republic
17,lopezdanielle,amywheeler@carson.com,Bangladesh
18,donald63,lopezhannah@peters.biz,Suriname
19,toddgordon,ashleypugh@yahoo.com,Haiti
20,lopezchelsea,washingtonkimberly@estrada.com,Puerto Rico
21,jason61,sara06@gmail.com,Russian Federation
22,tuckerjason,bmiles@vaughn.com,Antigua and Barbuda
23,maria58,elizabeth40@hotmail.com,Australia
24,michaellane,robertmarshall@hotmail.com,Zimbabwe
25,carlhester,kathleenramirez@berry-miller.com,Netherlands
26,swalker,vbooth@perry.biz,Chile
27,alan03,gonzalezcatherine@watkins.com,Israel
28,joshuaharrell,chelsea27@hotmail.com,Norway
29,kempstephen,glenda15@yahoo.com,Moldova
30,wongmelissa,morastephanie@gmail.com,United States Virgin Islands
31,deniseglover,cruzherbert@macdonald.com,French Polynesia
32,pateljoshua,glane@gmail.com,Turkmenistan
33,bryanbrown,shirley33@ruiz-ferguson.biz,Russian Federation
34,wgonzalez,jessicahall@yahoo.com,United States of America
35,colontravis,foxtravis@snyder.com,Nigeria
36,sarahmarshall,ehood@lee.com,Angola
37,eileen99,gtaylor@gmail.com,Liechtenstein
38,joneschristopher,sflynn@hotmail.com,Romania
39,amberblack,tammy99@gmail.com,Tunisia
40,aaron08,jgarrett@schmidt-kirby.org,Saint Martin
41,bbrown,younglauren@gmail.com,Argentina
42,jared09,scotthouston@barrett.com,Palau
43,ismith,seanneal@gmail.com,Bolivia
44,qwashington,bvazquez@williams.com,Saint Kitts and Nevis
45,jessicamontgomery,ronaldalvarado@james-long.net,Bahrain
46,daltonbarry,troy39@chavez-herrera.net,Andorra
47,sarah90,julia58@jackson.com,Finland
48,brenda91,brianwoodward@shepard.com,Ethiopia
49,michael86,rodriguezrenee@neal.com,Iraq
50,stephenmoore,ssalazar@joyce.net,Germany
51,smithdenise,brownjennifer@yahoo.com,Mayotte
52,martin24,leelaura@gmail.com,Ghana
53,robert57,kboyd@hotmail.com,Australia
54,mannandrew,frenchronald@yahoo.com,Switzerland
55,greenkevin,sanchezchristopher@gmail.com,China
56,lozanojulian,ritaadams@hotmail.com,Algeria
57,lcompton,rodonnell@gmail.com,Trinidad and Tobago
58,steven03,carlosedwards@hotmail.com,Guadeloupe
59,wbean,johnknapp@yahoo.com,Botswana
60,curtisrobinson,linda17@gmail.com,Mauritius
61,terri33,wbrown@clark.biz,Latvia
62,dan90,thomasharrington@cole.com,Moldova
63,blake80,oliviatran@hahn.org,Trinidad and Tobago
64,hickselizabeth,millerashley@hotmail.com,Indonesia
65,flemingkevin,richardwilliams@ward-bentley.com,Sierra Leone
66,melissa89,jonathan39@flores.com,Cambodia
67,davidburton,breanna87@rose.com,Kyrgyz Republic
68,robertskaylee,sclayton@yahoo.com,Saint Pierre and Miquelon
69,fturner,yfrazier@yahoo.com,Cayman Islands
70,danieldavis,dolson@sanchez.com,Yemen
71,michaelmoreno,mary81@young-mooney.com,Ethiopia
72,cassie22,stevenreed@hotmail.com,Nicaragua
73,andersonrobert,wadekristin@thornton.info,Afghanistan
74,graymark,brownrichard@turner-sheppard.com,Philippines
75,bmcgee,alicia81@li.org,Paraguay
76,brad05,lynnrussell@ortega.com,Brunei Darussalam
77,mary70,gibbsmelody@kim.com,Israel
78,manderson,amysellers@haynes-johnson.com,Saint Kitts and Nevis
79,robertssandra,josephherman@hotmail.com,Namibia
80,dicksonamanda,nancy77@gmail.com,Chad
81,istephens,paulajordan@yahoo.com,Wallis and Futuna
82,harriscarrie,vrivera@moore.com,Sweden
83,alexisgardner,craigmartinez@smith.com,Guernsey
84,iroberts,brendamcdonald@beltran.com,Jersey
85,marshallkevin,melissa30@yahoo.com,Eritrea
86,michaeldavila,ycarter@yahoo.com,Chile
87,vcruz,gallegosmichael@dickerson.net,Bermuda
88,yhensley,cowantina@hotmail.com,Cuba
89,mark63,shelbyharrison@sampson-davis.com,Gabon
90,rachel89,alicia41@skinner.biz,Tokelau
91,tina36,tperez@hotmail.com,Philippines
92,djohnson,isaiahwhitaker@harrison.com,Germany
93,cardenasbethany,nanderson@allison.com,Senegal
94,samueldickson,cassiecolon@byrd.com,Togo
95,ryan27,nsexton@chapman.com,Holy See (Vatican City State)
96,dmitchell,greg70@dawson.com,Equatorial Guinea
97,phamilton,tmcclure@yahoo.com,Tajikistan
98,davidpratt,stephenanderson@love.com,Tajikistan
99,melindashaw,millernicole@hotmail.com,Panama
100,yrose,christine83@hotmail.com,Liberia
101,karentorres,desireewall@bowers.info,Ireland
102,pcummings,mcguiregabriel@gmail.com,Cuba
103,jasonsingh,karen21@gmail.com,French Guiana
104,juan74,christopherphillips@hotmail.com,Sudan
105,brian88,klee@elliott.info,India
106,anthony83,andersonandrew@grimes.info,Western Sahara
107,qmartin,reidjacob@harrison.com,Kazakhstan
108,charlesjohnson,gilbertdanielle@young.com,French Southern Territories
109,bgraham,strongpeter@gmail.com,Chad
110,aprilweber,chambersjoshua@gmail.com,Falkland Islands (Malvinas)
111,qboyer,spalmer@newman.biz,Taiwan
112,andrearios,andersonnicole@mason.net,Nigeria
113,vevans,jameslong@cannon.info,Kuwait
114,donaldnguyen,michael15@krueger.com,Faroe Islands
115,prattsusan,lhamilton@williams.com,Saint Pierre and Miquelon
116,pwilson,david91@young-contreras.com,Jamaica
117,nrobinson,mmcdowell@hotmail.com,France
118,rferrell,andrewrodriguez@park.com,Saint Vincent and the Grenadines
119,valerie12,thompsonchristopher@gmail.com,Lesotho
120,whopkins,taylorfrench@hotmail.com,Kyrgyz Republic
121,smartin,larry05@barber.com,Grenada
122,bmacias,jonesmiguel@monroe.info,Oman
123,tracey03,awaters@gmail.com,Hong Kong
124,savannah49,matthew51@yahoo.com,Djibouti
125,fernando54,romerodeborah@wiley-hunt.com,Falkland Islands (Malvinas)
126,reginavaldez,briandavis@smith.com,Malta
127,paul44,gjones@gmail.com,Albania
128,lancesantana,chasejackson@evans.net,Botswana
129,ofletcher,robin17@yahoo.com,Serbia
130,dodsonlisa,melissa53@yahoo.com,Niue
131,ballen,garciadustin@bass.net,Kuwait
132,whill,richardsantos@thompson.com,Andorra
133,traceythompson,mejiajoseph@nunez.org,Kiribati
134,smiller,karenwilson@rodriguez.biz,French Polynesia
135,edward01,wilsonmonica@yahoo.com,Jamaica
136,joneslaura,laurenwallace@gmail.com,Tunisia
137,gmartinez,justincampos@hotmail.com,Sierra Leone
138,joshua50,jake55@gmail.com,Yemen
139,michael35,eric45@griffin.org,Sierra Leone
140,catherine29,rhondastanley@smith-roach.biz,Norfolk Island
141,diazbobby,jameslopez@mora.org,Japan
142,keithevans,ojohnson@gmail.com,New Zealand
143,uvaldez,christinalarsen@robinson.biz,Romania
144,martin24,derekmitchell@hotmail.com,Turks and Caicos Islands
145,patriciawhite,marshmark@sanders.com,Ghana
146,kennethbecker,brownjames@bautista-simmons.net,Antigua and Barbuda
147,terrimoore,howardchristopher@mathis.org,Timor-Leste
148,thomasgonzalez,pattersonmonica@yahoo.com,Moldova
149,prangel,erinking@black.biz,Marshall Islands
150,stevenjones,dawnmartin@le.com,Burkina Faso
151,keithhall,rebecca32@mendoza.com,Netherlands
152,jordanandrew,rogersmark@king-kelly.com,Latvia
153,johnhill,parkanthony@duncan.com,Japan
154,aromero,john65@gmail.com,Puerto Rico
155,wmckenzie,karen20@hotmail.com,Heard Island and McDonald Islands
156,charlesford,harrisamber@richard.com,Norway
157,ksampson,amendoza@brown.org,Uruguay
158,garciaray,nmitchell@hotmail.com,Syrian Arab Republic
159,john89,michelle53@gmail.com,Kuwait
160,simmonsdonald,oscarcochran@sutton.com,Morocco
161,matthew57,nspencer@simpson.org,Burundi
162,jenniferfrench,angela36@wade.biz,Gabon
163,ewright,jesusmartinez@yahoo.com,Cuba
164,lthornton,jessica54@crawford.com,Moldova
165,james00,xrose@hotmail.com,Yemen
166,angelamoyer,wmarshall@berry-hoffman.com,United States Minor Outlying Islands
167,trevor84,angela46@gmail.com,Marshall Islands
168,crystal96,millschristine@hotmail.com,Kyrgyz Republic
169,douglasolson,xkane@gmail.com,Denmark
170,barkermichael,robinwillis@powell.com,Nepal
171,brucedavis,dannyreyes@hotmail.com,Italy
172,rbrown,smithbreanna@braun.com,Cambodia
173,kennethroberts,johntate@anderson.com,Zimbabwe
174,deannajames,jasonespinoza@hotmail.com,Lebanon
175,msims,fletchermichael@gmail.com,Uzbekistan
176,ecox,wrightemily@hotmail.com,Uzbekistan
177,samanthakeller,ztaylor@cook.com,Portugal
178,shirleyzamora,charles56@yahoo.com,Isle of Man
179,troy44,fieldsjesse@bonilla.org,Guernsey
180,patricia36,jamesgilmore@gmail.com,Zimbabwe
181,brandon13,hsilva@adams.com,United States Minor Outlying Islands
182,philip27,browndonald@harrington-delacruz.info,Cyprus
183,caldwellthomas,ashleegonzalez@adams-glenn.com,Saint Martin
184,shahdeborah,amanda33@lee-steele.com,Cameroon
185,pamelaleach,htyler@scott-bowers.com,Svalbard & Jan Mayen Islands
186,teresa22,gibbssean@hotmail.com,Faroe Islands
187,haley04,elliskimberly@yahoo.com,Croatia
188,bridgetallen,gerald09@yahoo.com,Moldova
189,kylegarner,bwilkinson@webb.biz,Benin
190,bbarber,kristi75@conley-morse.biz,Iran
191,bmartinez,ncarlson@montoya.biz,Jersey
192,edward39,jacquelinebauer@gmail.com,Anguilla
193,michaelhurley,coxtiffany@yahoo.com,Monaco
194,tclark,kferguson@potter.org,Saint Pierre and Miquelon
195,martinezdaniel,lawsonjohnny@hobbs.com,Libyan Arab Jamahiriya
196,dsmith,tara26@mckenzie-morris.com,Reunion
197,ismith,hamiltonfrancis@berg-kelly.com,Palestinian Territory
198,ihouston,amandawilliams@hotmail.com,Czech Republic
199,michaellang,tracyyoung@hotmail.com,Malta
200,walkermichelle,wayne76@yahoo.com,Yemen
201,patricia64,howardroberts@smith.com,Netherlands Antilles
202,shannon49,ysanchez@rowland.com,Denmark
203,ubrooks,mooreerika@lee.com,Romania
204,blanchardcatherine,bmartinez@johnson-rivera.com,San Marino
205,mosleycarlos,millsdonald@davis.com,Oman
206,sroberson,francistheresa@yahoo.com,Holy See (Vatican City State)
207,johnmann,joshuamurphy@yahoo.com,Guyana
208,madams,garzalatoya@yahoo.com,Armenia
209,ghoffman,kellymartin@gmail.com,United Arab Emirates
210,fitzpatrickwilliam,dpeters@shelton.com,Russian Federation
211,brandonsmith,skennedy@hotmail.com,Madagascar
212,robertcollins,jennifer77@hotmail.com,Saint Martin
213,martinezcarol,riley26@williams.org,Haiti
214,lisawebb,hudsonaaron@henderson-medina.com,Colombia
215,enguyen,stantongarrett@hamilton-snow.com,Myanmar
216,chloevaughn,gainesrichard@miller-murphy.info,Sweden
217,bridget34,hineschristian@gmail.com,Fiji
218,samuelallison,yedwards@gmail.com,Malawi
219,kayla92,ujohnson@gmail.com,Finland
220,iross,keithbishop@rodriguez-howell.com,El Salvador
221,bradley78,lorithomas@parker-martinez.com,Greece
222,carellano,angela16@gmail.com,Slovakia (Slovak Republic)
223,myerswayne,simmonstiffany@scott-cunningham.com,Western Sahara
224,santostiffany,timothy25@maynard.net,Colombia
225,larrygross,cunninghamtrevor@gmail.com,Tajikistan
226,webbscott,qbernard@pham.info,Mauritania
227,karen15,mcbrideemily@gilbert.com,Malaysia
228,butlersarah,rcolon@cooper.com,Senegal
229,kimlinda,lisamontes@atkinson-lee.com,Kuwait
230,martin56,alanbrown@robinson-olsen.com,Wallis and Futuna
231,fgibson,jeffery77@yahoo.com,Madagascar
232,houstonelizabeth,noah67@gmail.com,Belgium
233,josephdowns,rstevens@gmail.com,Nicaragua
234,beckandrew,cookepaul@rowe-fisher.com,Japan
235,pmatthews,joan70@yahoo.com,Jersey
236,amandamcfarland,susanfox@hotmail.com,Cayman Islands
237,kristin33,paul26@clark-ramirez.biz,Saudi Arabia
238,sjenkins,kkent@patterson-davis.biz,Switzerland
239,jarvislauren,jcordova@gmail.com,Turkey
240,kaitlyn92,roger71@jones.com,Costa Rica
241,lisafry,adrienne93@sherman-hansen.com,Iran
242,robertjackson,daniellewagner@morales.info,Greenland
243,sosajessica,megan41@hotmail.com,Grenada
244,nathaniel06,kelleyterri@jordan.com,Spain
245,judithandrews,lmiller@gmail.com,Turkey
246,michael97,fuentesmatthew@gmail.com,Dominican Republic
247,chad20,larryvega@blackwell.com,Guyana
248,imartinez,gregory87@gmail.com,Guam
249,ocombs,jason96@perez-pruitt.com,Latvia
250,pmartinez,jodywatts@hunt.com,Chad
251,kandrews,mark89@downs.com,United Kingdom
252,stewartcheryl,breanna03@yahoo.com,Morocco
253,jacquelinegutierrez,steven30@clark-carrillo.com,Peru
254,cassidylynch,williammueller@herrera-fischer.info,Sudan
255,alexandriamoore,yglenn@yahoo.com,Rwanda
256,elizabeth95,latoya27@wood.com,San Marino
257,christopher93,kevin07@roberts.com,Gibraltar
258,kristin97,spalmer@hotmail.com,Liechtenstein
259,gprice,toddpeters@yahoo.com,Albania
260,reedrenee,zharrison@yahoo.com,Sweden
261,griffithrobert,xjones@cameron.net,Timor-Leste
262,dadams,yphillips@yahoo.com,Gabon
263,gsummers,qbrown@allen.net,Kazakhstan
264,qshaw,nwatson@yahoo.com,Bosnia and Herzegovina
265,johnsonshannon,rodgersdeborah@gmail.com,Libyan Arab Jamahiriya
266,christinepineda,darrell28@hotmail.com,Kiribati
267,deanchristopher,bbanks@gmail.com,Solomon Islands
268,gardnermegan,robinlee@clark.com,Sierra Leone
269,wilkinsrobert,kristinstewart@yahoo.com,Georgia
270,mcarroll,theresa45@daniel.com,Kyrgyz Republic
271,fitzpatricknathan,qnavarro@hotmail.com,British Virgin Islands
272,rogerslisa,diane01@perez.com,Moldova
273,alexander15,cunninghamdarlene@henderson.biz,Netherlands Antilles
274,xcrane,krista37@ho.com,United States Minor Outlying Islands
275,sarahholmes,slewis@lane-lopez.com,Mauritius
276,ilewis,james27@hotmail.com,South Georgia and the South Sandwich Islands
277,hollylynn,johnsonmelissa@hernandez.com,Svalbard & Jan Mayen Islands
278,torresrobert,ochoarhonda@gmail.com,Benin
279,danieldavis,victoria01@hotmail.com,Niger
280,bryan94,jacksondenise@gmail.com,Belize
281,myersjaime,julieknight@hotmail.com,Kyrgyz Republic
282,karen95,christinalee@yahoo.com,Dominican Republic
283,denniswatts,josephhenry@white.net,India
284,hgreen,pfreeman@bowman-barber.biz,Western Sahara
285,katherinepearson,howellanna@gmail.com,Grenada
286,hdunn,scott60@yahoo.com,Greece
287,ohays,xbean@long.net,Malawi
288,lisa85,pcastillo@morris.info,Congo
289,shannontucker,thompsonmelissa@yahoo.com,Trinidad and Tobago
290,jarnold,adamsjeffrey@wu.net,French Southern Territories
291,hallrobert,ericshepherd@hotmail.com,Papua New Guinea
292,edward90,patriciahunt@glenn.net,Sudan
293,robinsonrichard,brandi61@gmail.com,Lao People's Democratic Republic
294,benjaminmills,sherri12@acosta-harrell.com,Saint Helena
295,moorekatherine,btaylor@hotmail.com,Cameroon
296,geoffrey28,osmith@gmail.com,Solomon Islands
297,juarezcharles,yperkins@yahoo.com,Togo
298,uscott,andrew47@smith.com,Papua New Guinea
299,pdavis,lisa58@patton.org,Russian Federation
300,sandymontgomery,kathrynsanchez@matthews-brown.org,Palau
301,terickson,woodsjames@woodard-howard.biz,Lithuania
302,harperhaley,victoriawatkins@brady.info,Wallis and Futuna
303,thomasbrooke,angelachase@yahoo.com,Pakistan
304,genemartin,aguilarhenry@king-molina.org,Vanuatu
305,hannah92,johnsonerin@hotmail.com,Iceland
306,christopherdonovan,mendezdenise@lopez.com,Guadeloupe
307,miranda03,richard96@wilson.com,French Polynesia
308,john19,robinarias@davis.info,Congo
309,terristone,sfreeman@ramos.com,Kazakhstan
310,alan18,rscott@brown.net,Saint Lucia
311,angela36,kristin53@miller-larsen.info,Thailand
312,jjohnson,theresa11@saunders.com,Pakistan
313,adamortiz,william37@hotmail.com,Angola
314,kparks,johnsonlarry@juarez.org,Saint Lucia
315,charles87,dale38@gmail.com,Sri Lanka
316,hcole,tylerlewis@graham-meyers.net,Saint Martin
317,ryanrebecca,cheath@kennedy-duran.com,Costa Rica
318,mmccoy,julianmays@jones-jordan.com,Falkland Islands (Malvinas)
319,reyessteve,christopherhumphrey@hotmail.com,United States of America
320,lauragreen,mccarthysean@cortez-ryan.com,Slovenia
321,ashley74,ricardo66@crane.com,Samoa
322,wendy48,erikmacias@miller.net,Eritrea
323,ysmith,martinbrooks@pierce.biz,Saint Martin
324,fowlerlynn,harperlatoya@thompson.info,Libyan Arab Jamahiriya
325,mary50,reedchristine@butler.com,Russian Federation
326,ejohnson,jordankimberly@hotmail.com,Cote d'Ivoire
327,francismarisa,veronica29@wood-hutchinson.biz,Ethiopia
328,baileyamber,sarahchambers@brown-grant.com,Estonia
329,vasquezdebra,tina58@hotmail.com,Namibia
330,martin03,smithtyler@yahoo.com,Spain
331,ellen53,rileyrobert@martinez.info,Taiwan
332,cruzedward,joshuaray@whitney.net,Greece
333,lisawilliams,jmckenzie@yahoo.com,Armenia
334,jeremiahrich,keithmoore@leon.com,Mexico
335,andersonjoseph,jbell@sanders.com,Montenegro
336,heather37,alikaitlyn@miller.net,Zambia
337,travis06,sarajones@hernandez-jones.com,Tanzania
338,tyler21,lisaglover@sheppard.net,Romania
339,xcole,zmitchell@hotmail.com,Belarus
340,alyssaanderson,gmayer@riggs.com,Luxembourg
341,thompsonkayla,murphykathleen@perkins.com,Nigeria
342,kherrera,jeffrey66@york.biz,Mayotte
343,lisa72,katherine92@yahoo.com,Chad
344,kevincurtis,jhodges@thompson-clark.biz,Cayman Islands
345,dmccarty,zroberts@gmail.com,Botswana
346,kathleenanderson,kristen17@hotmail.com,Egypt
347,igraves,williamsgrace@hotmail.com,Papua New Guinea
348,comptonrebecca,paul47@shaw.com,Germany
349,wendyreilly,fpaul@hotmail.com,Tuvalu
350,lori88,cynthia24@travis.net,Cyprus
351,gabrielayang,warnerbrian@rodriguez.com,Maldives
352,williamgonzales,gatesseth@hotmail.com,United States Minor Outlying Islands
353,maldonadomario,bianca62@andrews-braun.com,Bahamas
354,bryan27,kennethburch@gmail.com,Iraq
355,michaeljacobson,greenmichelle@barton-fischer.org,Kazakhstan
356,ronaldwarren,nancy35@martin.com,Austria
357,vburton,matthew18@allen.biz,Israel
358,lorirobertson,amy61@johnson.com,Guadeloupe
359,johnsmith,fkennedy@gmail.com,Netherlands Antilles
360,wattspeter,osanchez@gmail.com,Norway
361,fmorris,maddoxjessica@gmail.com,Tokelau
362,nicholas66,rachelandrews@chandler.com,Guernsey
363,michellemack,davidrobinson@gmail.com,French Polynesia
364,ambermendez,peter68@stein-park.com,Algeria
365,ballen,morrowcharles@gutierrez.com,Brunei Darussalam
366,catherinecampbell,michael69@thompson-ferguson.com,Martinique
367,rita67,marcus10@hotmail.com,Fiji
368,joelgonzalez,sbarajas@holt-taylor.org,Croatia
369,zoedavis,leekevin@hotmail.com,Saint Kitts and Nevis
370,rgreer,stephanie74@lewis-chase.net,Tuvalu
371,christopherjames,zanderson@ray.com,French Polynesia
372,janicegreen,annawashington@hotmail.com,Hungary
373,sara87,lisa19@hotmail.com,Egypt
374,michael03,aespinoza@weber.com,Martinique
375,thompsonmegan,odonnellconnie@gmail.com,Lithuania
376,jthompson,sandersjason@patrick-johnson.com,San Marino
377,tthomas,harringtonholly@hotmail.com,Egypt
378,lopezdale,juliagordon@hotmail.com,Korea
379,tomwheeler,butlerdennis@moore-estrada.org,Central African Republic
380,brichardson,fosborne@ramos.biz,Sierra Leone
381,joanndunn,debrajohnson@gmail.com,Cambodia
382,martinezrobin,william32@gmail.com,Angola
383,hconway,milesbrian@gmail.com,Trinidad and Tobago
384,karijohnson,jeffreydiaz@lopez.info,Canada
385,michael90,felicia40@wallace.biz,Kiribati
386,cory55,ramirezmichael@phillips.com,Netherlands
387,gdodson,davismatthew@silva.org,South Africa
388,sonya34,igarrett@yahoo.com,Uganda
389,justinstrong,garnerjulie@frank.com,Bahrain
390,alexandersmith,oburnett@yang.info,Belize
391,susan52,plyons@yahoo.com,Zambia
392,lindseykim,woodardalexandra@baker-williams.net,Tuvalu
393,perryglenn,hperez@gregory-powers.com,New Zealand
394,alan94,martineznancy@yahoo.com,Mali
395,shermandestiny,fschneider@gmail.com,Togo
396,qarmstrong,jill35@yahoo.com,Lebanon
397,amber81,ulawrence@lindsey-johnson.biz,Cote d'Ivoire
398,washingtonchristopher,william26@yahoo.com,Eritrea
399,frubio,amyatkinson@hotmail.com,Belize
400,bellthomas,lmendoza@wolfe.com,Kiribati
401,ashleyross,tpeters@gmail.com,Vanuatu
402,travis79,mhopkins@yahoo.com,Liechtenstein
403,paul64,reynoldswilliam@carroll.org,Nauru
404,zcastro,whitakermarissa@salazar.com,Somalia
405,nathan46,flopez@hotmail.com,Nepal
406,craigthomas,mtorres@yahoo.com,Martinique
407,vdavis,deborahlopez@walls.org,Tuvalu
408,leejeffrey,uacosta@thomas-palmer.com,Turkey
409,nturner,travissandra@holt.com,Niger
410,kathleen55,amynelson@hall.com,Wallis and Futuna
411,paynecrystal,csmith@gmail.com,Oman
412,phillipmartinez,donna91@hotmail.com,Reunion
413,johnharris,ricardoriggs@gmail.com,Poland
414,amanda79,waynestephens@barnes-cortez.com,Bangladesh
415,nguyenjessica,edwardfields@gmail.com,Belarus
416,rholmes,jeremyyang@fischer.info,Saint Vincent and the Grenadines
417,griffineric,wardpenny@hotmail.com,Cambodia
418,evanscarrie,anthony98@yahoo.com,Wallis and Futuna
419,ocooper,smithwendy@hotmail.com,Greenland
420,sjames,owilliams@hotmail.com,Guyana
421,justin76,christopher46@perez.com,Guernsey
422,melissamurray,jpugh@gmail.com,Northern Mariana Islands
423,jared19,brownmichelle@james-kidd.net,San Marino
424,timothy87,daniel40@yahoo.com,Kyrgyz Republic
425,nicole28,curtis94@yahoo.com,Belgium
426,dandiaz,joseph94@golden.com,Kuwait
427,uparker,reginamunoz@yahoo.com,United Arab Emirates
428,hoopersarah,michaelsmith@gmail.com,Georgia
429,gwebb,morrisonstacey@gmail.com,Taiwan
430,lopeznatalie,kstrong@moore-ferguson.info,Tokelau
431,hwhite,owensadam@huynh-ryan.com,Tonga
432,kevin12,debrajones@hotmail.com,Solomon Islands
433,steven50,pcole@strickland.com,Ukraine
434,webbchristina,adrianowens@yahoo.com,Israel
435,ocardenas,ashleywright@gmail.com,Bouvet Island (Bouvetoya)
436,osimmons,stephensjuan@smith-crawford.net,Papua New Guinea
437,johnsonryan,millerscott@martinez.com,Bulgaria
438,stephaniewebster,meyersalicia@stevens-porter.net,Georgia
439,michaelvalentine,lisa49@williams.com,Zambia
440,patrick85,robertserik@jacobs-graham.com,French Southern Territories
441,moorescott,david56@moore.com,Suriname
442,mitchell57,matthew34@gmail.com,Morocco
443,jack45,lisa48@chapman.com,Martinique
444,lisarichards,kimnicole@gmail.com,Kiribati
445,tgonzalez,bcampbell@evans-henry.info,Nauru
446,ghammond,amanda35@rodriguez.net,Tanzania
447,ifernandez,barbernancy@gmail.com,Belarus
448,glenn70,morgan96@strong.org,Montserrat
449,cbradley,clarsen@yahoo.com,Mali
450,iking,sarah31@hayes-moore.com,Nepal
451,michael07,aaron07@smith.info,Andorra
452,kathrynramsey,gordonstephen@underwood-wilson.com,Thailand
453,hhart,phunter@schwartz-bailey.biz,French Southern Territories
454,ronald85,amyayala@hester.com,Saint Pierre and Miquelon
455,lisa06,nguyenkimberly@yahoo.com,Ireland
456,edwardsashley,hdalton@nguyen.com,Czech Republic
457,smithanita,nelsonsarah@king-thomas.biz,Monaco
458,vkramer,ggriffin@hotmail.com,Tuvalu
459,michael28,james31@yahoo.com,Iraq
460,fschultz,dyervictoria@gmail.com,Timor-Leste
461,copelandedward,dakota49@kirk.net,Macao
462,barbara20,kenneth75@smith.com,Russian Federation
463,todd43,iwhite@mclaughlin.biz,Saint Vincent and the Grenadines
464,cynthia19,jonathancooper@hardy-orr.com,Greece
465,isaiahwilliams,obrienkaitlyn@lambert-monroe.biz,Gabon
466,torresamy,davisrussell@hotmail.com,Christmas Island
467,jason13,tammyolsen@gmail.com,Tonga
468,russell31,carlosgibson@garrison.com,French Southern Territories
469,jescobar,walkerlori@gmail.com,Uzbekistan
470,kylebrown,ellislinda@walter.com,Zimbabwe
471,zquinn,qcallahan@gmail.com,Turkey
472,walkerrichard,whitecharles@hotmail.com,Anguilla
473,cookjennifer,joel31@sanders.com,Indonesia
474,jdowns,sierra16@hotmail.com,Slovenia
475,wangdavid,richardrichardson@sanchez.info,Ghana
476,margaret94,nbauer@edwards-dawson.biz,Bermuda
477,fuentesshane,diane50@gmail.com,Nicaragua
478,ramirezrichard,desireedunn@gmail.com,Spain
479,cannonkatherine,colleenjones@yahoo.com,Zimbabwe
480,djuarez,hdean@hotmail.com,Malta
481,nflynn,gene59@gmail.com,South Africa
482,charles71,along@cardenas.com,Montserrat
483,bjames,lisaanderson@yahoo.com,Jordan
484,dthomas,wallacesamantha@hall-watson.com,New Caledonia
485,kurtkelly,twilson@griffin-jones.com,Pitcairn Islands
486,fblankenship,emily96@hotmail.com,China
487,beasleycynthia,jacqueline61@gmail.com,Montserrat
488,ydavidson,zcole@hotmail.com,Swaziland
489,dawnramos,escott@yahoo.com,Macao
490,oaguirre,fwelch@ware.info,Sri Lanka
491,lawrence61,rayala@yahoo.com,China
492,michellejohnson,chenchristopher@gmail.com,Costa Rica
493,gwilcox,ghale@andrews.com,Dominica
494,tthomas,ohartman@yahoo.com,Sudan
495,brett61,hoffmantheresa@smith-williams.com,Senegal
496,xmoon,ronald94@rocha.com,Togo
497,emmagriffith,michellehunter@yahoo.com,Netherlands
498,yfreeman,angelahoward@matthews.com,France
499,christy92,mquinn@gmail.com,Antigua and Barbuda
500,gbass,washingtonchristina@yahoo.com,Kyrgyz Republic
501,gravesjenna,dianajames@goodman.biz,French Guiana
502,oramsey,smithrachel@rodriguez.com,Kazakhstan
503,hmartinez,floreseric@gmail.com,New Caledonia
504,staciewagner,randolphbrandy@gmail.com,Northern Mariana Islands
505,vhansen,melissa11@yahoo.com,United Kingdom
506,birdsuzanne,burnspaul@ruiz.com,Albania
507,doughertycolleen,juanvelazquez@adkins-perry.com,Poland
508,montgomerydavid,sheri74@walker.info,Colombia
509,christopherroberts,cschneider@hotmail.com,Bolivia
510,teresa36,kristinparker@nicholson.net,France
511,valentinerichard,mpeterson@hunt.com,Japan
512,woodmichael,valdezjoseph@lewis.com,Dominica
513,regina74,youngjeremiah@nash-padilla.com,Sierra Leone
514,lewiscaitlin,simsdaniel@hotmail.com,Mali
515,brownjeffrey,bridgetmccormick@powell.com,Vietnam
516,garrettdanny,lscott@johnson-graham.com,Thailand
517,jhawkins,terri64@harrison.org,China
518,vmiller,kari16@gmail.com,Egypt
519,ellen59,gregory10@gmail.com,Equatorial Guinea
520,deanjames,tracymullins@lewis.com,Sao Tome and Principe
521,toddsawyer,qholmes@johnston.com,El Salvador
522,catherine48,rogergray@rivera.com,Latvia
523,vrandolph,ralph54@bell-peterson.com,Northern Mariana Islands
524,reynoldsnicholas,ebrown@juarez.com,Jordan
525,floydnicole,rwells@murphy.info,Greenland
526,randallmorris,taylorscott@watts.com,British Indian Ocean Territory (Chagos Archipelago)
527,mirandageorge,rodneybaker@yahoo.com,Palau
528,turnerdustin,pamela74@gmail.com,Myanmar
529,jerryscott,elizabeth47@moore.net,India
530,glennmckinney,todd75@gmail.com,Costa Rica
531,tadams,guerreropaul@neal.com,Cocos (Keeling) Islands
532,kathleen26,emilychavez@anderson-rivera.biz,Slovakia (Slovak Republic)
533,wroberts,vanessa52@williams.com,Egypt
534,triciawalsh,sfisher@yahoo.com,Solomon Islands
535,xhall,munozdavid@simpson.biz,Korea
536,coxjohn,howardjames@hotmail.com,Mauritania
537,emily02,sgomez@gmail.com,Ukraine
538,brookseugene,belindasmith@hotmail.com,Uruguay
539,edwardalexander,austinsmith@hall-mcclure.com,Saint Kitts and Nevis
540,gregoryjimenez,arnoldmichael@hotmail.com,Egypt
541,christopher72,flynch@yahoo.com,Nauru
542,shill,johnsonchristopher@yahoo.com,Canada
543,amberwilkerson,wjones@smith.com,Croatia
544,smithpatricia,theresabuchanan@gmail.com,Guyana
545,williamsstacey,brandi99@hotmail.com,Switzerland
546,doylejoseph,alexa03@snyder.com,Peru
547,mooretanya,laurie32@hotmail.com,Dominican Republic
548,carl71,caitlin51@wells.com,Israel
549,pbaker,jamesjensen@yahoo.com,Grenada
550,claytonjessica,victoria76@hotmail.com,Cape Verde
551,ashley57,qhamilton@yahoo.com,Iran
552,carsoncheryl,coxtracy@lewis.com,Marshall Islands
553,william80,joseph40@alvarado-jackson.biz,Bangladesh
554,angelapace,cobbchristine@moore.com,French Polynesia
555,joshua30,dennisoliver@gmail.com,Cape Verde
556,ronniecollins,brian21@dominguez.com,Northern Mariana Islands
557,ronald97,uperez@hotmail.com,Egypt
558,wardnatalie,tkoch@gmail.com,Cote d'Ivoire
559,pgarza,edwardscody@gmail.com,Ecuador
560,kimberlyharris,wmunoz@weaver-mccoy.com,Uzbekistan
561,thompsonpaul,allenmark@smith.net,Bangladesh
562,justin73,angelakramer@yahoo.com,Albania
563,karenlarson,brenda45@martin-mullins.biz,Seychelles
564,timothywolf,watkinspaul@gmail.com,Lao People's Democratic Republic
565,itaylor,bethanyowen@hotmail.com,Bangladesh
566,gregorybrandt,cyoung@gmail.com,Marshall Islands
567,jessicawerner,lori26@yahoo.com,Ethiopia
568,michaelbryant,mathew91@gmail.com,Poland
569,ajones,matthew23@hotmail.com,Jordan
570,halldylan,katelyn02@chase.biz,Zambia
571,erikawilliamson,ffisher@yahoo.com,Micronesia
572,marissa25,amanda06@gmail.com,Antigua and Barbuda
573,mariafernandez,anthony65@yahoo.com,Georgia
574,shermanchristine,tanya82@livingston.net,Mongolia
575,dawn87,jaredhicks@gmail.com,Costa Rica
576,lucas75,clairemeyers@hotmail.com,Ethiopia
577,rowens,ocooper@gmail.com,Somalia
578,gonzalezkathleen,richardgraham@gmail.com,Martinique
579,christinareeves,kristie63@rice-harris.net,Ireland
580,gonzalezlisa,pwilson@galloway-stone.com,Macao
581,brownjulie,kevingarza@gmail.com,Colombia
582,csanchez,dennismurphy@maxwell.biz,Saint Barthelemy
583,codyramos,burchmichael@hotmail.com,Antigua and Barbuda
584,michael03,chenrichard@clark-lopez.com,Armenia
585,jasonmendez,grant89@vargas.com,Azerbaijan
586,brenda39,lschmidt@walsh-ortiz.org,Moldova
587,brandyramirez,baileysherri@hotmail.com,Barbados
588,tjohnson,briannaharris@hill-thomas.com,Samoa
589,rrodriguez,matthewwilliams@hotmail.com,Moldova
590,tracy33,kennedydaniel@douglas.info,Gabon
591,leslie90,michaeljackson@garza.com,Congo
592,krista68,ofisher@hotmail.com,Iran
593,gilbertgray,fkemp@jones-black.net,Korea
594,andersonlaurie,brookebarnes@yahoo.com,Antigua and Barbuda
595,xwashington,vjones@smith.info,Ethiopia
596,evansdustin,watsonsandra@gmail.com,Uzbekistan
597,tgregory,catherine54@may-walker.biz,Mayotte
598,ymanning,zwallace@yahoo.com,Israel
599,beanamanda,christopher03@peters-fuller.com,Latvia
600,thall,harmoneddie@pearson-williams.com,Marshall Islands
601,carterjoel,carrie95@yahoo.com,Korea
602,leeeric,idavis@hotmail.com,Vanuatu
603,michael31,jeffreymorris@hotmail.com,Equatorial Guinea
604,shawmatthew,carlosmerritt@hotmail.com,Paraguay
605,wilsontanya,ojones@yahoo.com,El Salvador
606,johnsonspencer,huntfred@garcia.info,Afghanistan
607,mendozasuzanne,hjones@reyes.com,United States Minor Outlying Islands
608,todd51,rickymcclure@gmail.com,Faroe Islands
609,phillip11,jessica94@smith.com,Albania
610,holiver,estradajames@thompson.com,Macedonia
611,williamselizabeth,gmay@hotmail.com,Saint Helena
612,tammygonzalez,jeffrey64@murray.com,Reunion
613,villanuevamonica,kaitlin53@hotmail.com,Comoros
614,kingtammy,vferguson@hotmail.com,Mauritius
615,chambersveronica,douglas26@krause-anderson.com,Ecuador
616,williamshepherd,connor14@gmail.com,Sao Tome and Principe
617,dmiller,laura86@yahoo.com,Cameroon
618,bakerronald,lperez@rodriguez.com,Puerto Rico
619,michaellopez,ramosphyllis@wheeler.com,Ghana
620,keith32,christian13@gmail.com,Gabon
621,johnmontgomery,moodyzachary@hotmail.com,Ghana
622,angelablack,john24@yahoo.com,Reunion
623,morgantiffany,briannadunn@hotmail.com,Falkland Islands (Malvinas)
624,michaelwalker,mathewabbott@hotmail.com,Cote d'Ivoire
625,aprilashley,whitneyjennifer@gmail.com,Hungary
626,katherinedavid,gatesrodney@gmail.com,Saint Kitts and Nevis
627,carterkimberly,gilesashley@yahoo.com,Gambia
628,ashleybarber,elizabeth12@burgess-beck.com,Nicaragua
629,wendyscott,gail12@young.com,Saint Helena
630,lindsey48,danielle72@gmail.com,Lebanon
631,samuelfoster,markstanley@hill.net,Anguilla
632,christopher28,smithbonnie@mack.com,Latvia
633,riverastephanie,brian61@yahoo.com,Saudi Arabia
634,taylor46,tiffanyhawkins@velez-lewis.info,Korea
635,joseharper,hamiltonjames@gmail.com,Moldova
636,autumn30,kellyrogers@williams.biz,Croatia
637,stephaniegonzales,sdaniels@hotmail.com,Netherlands
638,jennifer28,uspears@taylor.org,Benin
639,goldenalexis,barbara67@villa.com,Belize
640,jscott,tburton@newman.com,Libyan Arab Jamahiriya
641,milleradrian,clarkmartin@allison.com,Bahrain
642,scobb,esanders@cooper.info,Martinique
643,andrea44,derek96@yahoo.com,Hungary
644,aliciaquinn,riggsdarrell@crawford.com,Guatemala
645,benjaminduran,gduke@smith.com,Gambia
646,christopher00,santanaelizabeth@hurley.com,Guinea
647,elizabeth83,victoriajames@gmail.com,Qatar
648,westmarisa,lhayes@yahoo.com,Cote d'Ivoire
649,anthony33,kandrade@walker.org,Reunion
650,knightkayla,matthewtucker@yahoo.com,Burkina Faso
651,pvelasquez,anthony65@houston-berry.com,Belgium
652,heather98,hrobertson@yang.org,Bahrain
653,martin08,andrewowens@hodges.net,Sri Lanka
654,garciabryan,holmessusan@yahoo.com,Russian Federation
655,michaeltran,michael42@rhodes.com,Somalia
656,sheliamiller,aaron05@hotmail.com,Luxembourg
657,emily55,waltersbilly@hotmail.com,Iceland
658,gardnermichael,bridgeskyle@garcia-white.com,Indonesia
659,jennabrown,cookbrian@pena-williams.com,Maldives
660,qcox,anamcdaniel@gmail.com,Tajikistan
661,williamskelly,jamesgarner@gmail.com,Antarctica (the territory South of 60 deg S)
662,kylesmith,kathleen74@ibarra-jackson.biz,Georgia
663,vwebb,mendezderek@henderson.com,Peru
664,hughesnicole,aprilfarley@garza.com,Somalia
665,iadams,toddkristine@hernandez.com,Argentina
666,bailey30,fleminganthony@campbell-atkinson.org,Burundi
667,darius13,jeffery39@hughes-scott.info,Holy See (Vatican City State)
668,fostermaria,vjohnson@yahoo.com,Rwanda
669,susanjohnson,youngrichard@hotmail.com,Vanuatu
670,watersjennifer,tdecker@yahoo.com,France
671,jonessara,james09@powers.net,American Samoa
672,johnthomas,wrightjennifer@ortega.info,Western Sahara
673,nathanwillis,rivasrobert@soto-harris.com,Nicaragua
674,jweaver,kristin03@yahoo.com,Bahamas
675,stephaniepotter,robert99@gmail.com,China
676,bakerchristopher,garciaamanda@hotmail.com,Holy See (Vatican City State)
677,davidjenkins,aguirreshawn@hood.com,Montenegro
678,cannonbarbara,patriciareyes@hotmail.com,Netherlands Antilles
679,robertchambers,jonathan33@gmail.com,South Georgia and the South Sandwich Islands
680,owong,ppratt@hotmail.com,Angola
681,lisa03,ntucker@moore-shannon.net,Kuwait
682,lambertmelanie,hatkins@guerra.com,Uzbekistan
683,lyonsyvette,jessica40@jones-shea.net,Liberia
684,pcontreras,bgonzales@white.net,Trinidad and Tobago
685,ghill,jacksonjacqueline@yahoo.com,Iran
686,brownmark,fcabrera@hughes.org,Czech Republic
687,tsanchez,afarley@jones-bell.info,Solomon Islands
688,ystone,thomasmartin@hotmail.com,Puerto Rico
689,zhorton,joshuadudley@yahoo.com,Grenada
690,kevin22,dsmith@taylor.com,French Guiana
691,jessicavilla,matthew72@yahoo.com,Philippines
692,starksharon,ahubbard@aguirre.info,British Virgin Islands
693,charlesklein,mward@gmail.com,Syrian Arab Republic
694,robertssharon,tballard@hotmail.com,Nicaragua
695,rodriguezpatricia,tlewis@yahoo.com,Guadeloupe
696,antonio15,hallpeter@jones.com,Thailand
697,xhernandez,summer87@woods.com,Norfolk Island
698,evelynbrandt,along@cobb.com,Guam
699,hessamber,tburnett@gmail.com,Estonia
700,kbennett,joshuajackson@hotmail.com,Serbia
701,angelica47,powelljennifer@hotmail.com,Ghana
702,jbraun,jasongarcia@hotmail.com,Ecuador
703,douglasmullen,allentiffany@pierce.com,Turks and Caicos Islands
704,tasha83,pamelacampbell@lopez.com,Palau
705,bradleyporter,jacoblynch@yahoo.com,Central African Republic
706,brian66,tuckerwilliam@thomas-johnson.com,Albania
707,ustuart,ronald82@davidson-foster.net,Isle of Man
708,wolferussell,cody68@hotmail.com,Togo
709,adamskaren,jamesmanning@gmail.com,Lao People's Democratic Republic
710,nicholassmith,michael31@hotmail.com,Tajikistan
711,kathleen80,sanchezbenjamin@glover.biz,Nigeria
712,amandasimmons,mikelong@brown.com,Tonga
713,hcampbell,noahstafford@hammond.com,Niue
714,garciashannon,jefferyhughes@gmail.com,Haiti
715,baustin,jessica83@thomas.info,Luxembourg
716,rphillips,timothy60@pena-dennis.com,Saint Vincent and the Grenadines
717,bsanders,jeffrey21@hotmail.com,Colombia
718,brandon72,johncooper@allen.com,Saint Martin
719,dodsonlisa,danielwilliams@roach.biz,Ghana
720,dylansteele,hpatrick@gmail.com,Comoros
721,yrichards,bradyjones@santos.com,El Salvador
722,kayla22,murilloashley@henry.com,Saint Lucia
723,smithmichael,melissa02@yahoo.com,Norfolk Island
724,wilsonebony,ksanchez@lewis.com,Iraq
725,valeriemartinez,latoyadoyle@gmail.com,Germany
726,eric45,ncochran@hotmail.com,Samoa
727,ipennington,blackwelljacqueline@nolan.com,Kuwait
728,cole20,escobarsusan@brown.com,Palestinian Territory
729,pfarmer,david87@gmail.com,Mauritius
730,lisa00,josechristian@hotmail.com,United States Minor Outlying Islands
731,bowenelizabeth,hermanjason@yahoo.com,Eritrea
732,blake80,lunamark@dean.com,Mexico
733,malonejean,aaron75@norris-gilbert.net,British Virgin Islands
734,rita99,stevenjefferson@hall-snyder.net,Comoros
735,millerstacy,friedmantrevor@lewis-nguyen.org,Namibia
736,stafforddaniel,christopher95@gmail.com,Zambia
737,lopezmichelle,timothy47@hotmail.com,South Georgia and the South Sandwich Islands
738,williamskatherine,ghall@hotmail.com,Iceland
739,kjones,gmorgan@gmail.com,Chad
740,erindaugherty,xsmith@gmail.com,Tunisia
741,hansonthomas,morrisdouglas@gmail.com,France
742,foxtheresa,marywhite@riley.com,Burkina Faso
743,melendezrichard,matthew56@reynolds.com,Saudi Arabia
744,williamslindsey,wwilson@lee.com,Azerbaijan
745,iball,anthony21@yahoo.com,Japan
746,mcknightbrian,sarawatts@hotmail.com,Malawi
747,lburton,samantha62@hoover-watson.com,El Salvador
748,allison64,johnjoseph@webster-dunn.com,Montserrat
749,lawrencesmith,torresjulie@hotmail.com,Guatemala
750,chengina,callen@rose.com,Jordan
751,franklinjessica,brownlauren@yahoo.com,Christmas Island
752,millerdylan,dianeryan@gmail.com,Sweden
753,brodriguez,wmerritt@west-rodriguez.com,Angola
754,sheltonsteven,nancy00@gmail.com,Congo
755,wjohnson,amandataylor@hotmail.com,Cook Islands
756,medinaisaac,johnsonsean@bryant-clark.com,Turks and Caicos Islands
757,tony02,peter25@gomez-skinner.com,Pakistan
758,gardnerevan,simsjames@gmail.com,Niue
759,amyjohnson,combselizabeth@fletcher-chen.com,Jordan
760,james81,sanchezmackenzie@howard.com,Equatorial Guinea
761,robertcoffey,abyrd@chen.com,Hong Kong
762,gerald21,campbellgregory@colon.info,Czech Republic
763,uyang,pachecogary@hotmail.com,Colombia
764,james18,kellyhart@gmail.com,Qatar
765,xmcdonald,michaelfoster@gutierrez.com,South Africa
766,elizabethrobinson,stacymueller@hotmail.com,Pitcairn Islands
767,christineshields,mark48@robinson.com,Libyan Arab Jamahiriya
768,ovaldez,kevin64@gmail.com,Finland
769,jasonsalazar,awalter@morris.com,Malawi
770,waltersoto,sabrina92@gmail.com,Italy
771,bridgesjulia,wilsonmichelle@hotmail.com,Congo
772,mgarcia,bradley03@byrd.com,Isle of Man
773,johnsonkelly,michael58@roberts.com,Sudan
774,megan46,ugarza@logan.com,Peru
775,bsanchez,charlesfuller@thompson.com,Sao Tome and Principe
776,zacharyjenkins,kalvarez@davis.com,Venezuela
777,bowmanwendy,hensleychristina@santos-dickerson.com,Antigua and Barbuda
778,eharrison,daniel71@yahoo.com,Angola
779,michael33,vrivera@gmail.com,Liberia
780,stacey91,meghan24@lynch.info,Turkey
781,kelliegonzalez,steven65@yahoo.com,New Zealand
782,tammy90,martinbarbara@yahoo.com,Uzbekistan
783,martinpatrick,jessica88@hotmail.com,Zambia
784,tonyadavis,john25@smith.com,Luxembourg
785,rosssean,matthewkerr@fox.biz,Bermuda
786,william63,qdiaz@gardner.com,Martinique
787,javierjohns,ejohnson@aguilar.info,Wallis and Futuna
788,scotthoward,jenna54@green.com,Tunisia
789,kpowers,mallorygarcia@wilson.com,Liechtenstein
790,johnandrews,kellyluis@carroll.com,Grenada
791,kent77,rogersmatthew@yahoo.com,Bhutan
792,martincharles,jodijohnson@gmail.com,Cote d'Ivoire
793,zsanchez,anthony88@hotmail.com,Nepal
794,mwest,feliciaharris@garcia.net,Svalbard & Jan Mayen Islands
795,karlsellers,achen@walker.biz,Central African Republic
796,kcampbell,bellwalter@cox-davis.biz,Solomon Islands
797,nealpeter,robertjones@lin.biz,Ethiopia
798,kgraham,kaylee45@mcdowell-jenkins.biz,Brunei Darussalam
799,maria80,cindyshannon@yahoo.com,Malaysia
800,jonathan09,elizabethowens@yahoo.com,Antigua and Barbuda
801,nicholasrice,tcontreras@hotmail.com,Samoa
802,blackdouglas,andrewlee@smith.biz,South Georgia and the South Sandwich Islands
803,haynesshawn,elizabethtyler@hotmail.com,Saint Helena
804,haynesthomas,ddaugherty@king.com,Tonga
805,qlittle,xjarvis@yahoo.com,Taiwan
806,collinsmichelle,ashley04@gmail.com,Sweden
807,samuel06,johnmccormick@shepard.biz,Paraguay
808,megan74,michael81@gmail.com,Ethiopia
809,jamesamanda,sharonjenkins@willis.com,Malaysia
810,edwardtate,austintodd@hotmail.com,Wallis and Futuna
811,colinhamilton,michaeldavis@frazier-schmidt.info,Fiji
812,millssteven,kimberly17@yahoo.com,Madagascar
813,evelynprince,hodgesbonnie@berger.com,Afghanistan
814,vryan,joyobrien@gillespie.com,Puerto Rico
815,james29,christinaglass@gmail.com,San Marino
816,bellhannah,johnsonpaul@mcguire.com,Malaysia
817,eharrison,dwillis@figueroa.org,Mauritania
818,smithcheryl,nsalas@burgess.org,Greenland
819,gilesannette,uharris@gmail.com,Bermuda
820,leslie33,paulramirez@yahoo.com,Uganda
821,paulorozco,wmoran@phillips-smith.com,Sweden
822,brad49,hgordon@hernandez.com,Bangladesh
823,mleonard,greenejessica@hotmail.com,Djibouti
824,omurray,mary57@martin-cooper.org,United States of America
825,melissaroy,abigaillester@gmail.com,Saint Helena
826,umorton,lisa22@yahoo.com,Switzerland
827,allison18,bmontoya@gmail.com,French Southern Territories
828,tammymitchell,wponce@stewart.com,Pitcairn Islands
829,anthonymcclain,toddmccormick@gmail.com,Palau
830,fnoble,qsmith@gmail.com,Anguilla
831,sandrarojas,larrybrown@gmail.com,Libyan Arab Jamahiriya
832,elaineadams,rsmith@hotmail.com,British Indian Ocean Territory (Chagos Archipelago)
833,fordlinda,barbara71@jefferson.org,Puerto Rico
834,richardsmith,sgonzalez@gmail.com,Micronesia
835,rachelayers,hallbrian@mccormick.net,Palestinian Territory
836,brianna03,christine94@murphy-martinez.com,Korea
837,nharris,jamesgolden@hotmail.com,Comoros
838,yhodge,jill44@rios.com,Iceland
839,speters,nperez@harrison.org,United Arab Emirates
840,phillipskatelyn,psmith@hotmail.com,Nepal
841,lopezkaren,pereztimothy@gmail.com,Gabon
842,johnlam,elizabeth81@yahoo.com,Guyana
843,moyerdavid,claudiamendoza@wu-phillips.com,Ethiopia
844,lgonzales,smithrobert@gmail.com,Mozambique
845,anthony17,alecle@benitez.com,United States Virgin Islands
846,kimberly88,lydia94@marshall.net,Samoa
847,xdiaz,cathy72@yahoo.com,Bosnia and Herzegovina
848,garyyoder,jennifer56@johnson-turner.com,United States Virgin Islands
849,oford,andersonlatoya@yahoo.com,Burundi
850,jennifer29,john95@hotmail.com,Swaziland
851,hjennings,david31@hotmail.com,Japan
852,kbuckley,qsullivan@hill.info,New Caledonia
853,deannamiller,kyle27@perez.org,Chile
854,wgreene,eric05@gmail.com,Mali
855,jessicamorgan,mary84@gmail.com,Jordan
856,richardross,james50@hotmail.com,Qatar
857,briannunez,fullerbenjamin@rollins.com,Mauritania
858,stacey06,taralindsey@pacheco.org,Armenia
859,sarahmcconnell,lovecarl@hotmail.com,Croatia
860,jacob56,victoria78@brooks-anderson.com,Seychelles
861,yjones,ellisamy@lewis.com,Gabon
862,paguirre,jonesrobert@branch.com,Angola
863,swilliams,thomas27@hotmail.com,Lao People's Democratic Republic
864,kevin24,kcoleman@anderson.org,Cape Verde
865,mvelez,samantha20@melendez.com,Kazakhstan
866,upierce,sullivanchristopher@strong.com,Serbia
867,ijenkins,amyperez@gmail.com,Belize
868,jennifer47,fuentesjessica@morgan.com,Tuvalu
869,jacob59,douglas21@hotmail.com,Swaziland
870,tina35,daniel29@smith-cook.com,Algeria
871,alishaarroyo,susan75@hotmail.com,Sweden
872,teresajohnson,rgolden@odonnell.com,Northern Mariana Islands
873,jessica97,gregory58@gmail.com,Bouvet Island (Bouvetoya)
874,mccoywillie,thomasmichael@hotmail.com,Western Sahara
875,victoria66,townsendwilliam@hotmail.com,Tokelau
876,paulasweeney,lisa29@walter.net,Solomon Islands
877,hbenjamin,obernard@barnett.com,Christmas Island
878,kshannon,destiny46@hotmail.com,Oman
879,amandabrown,zthomas@gmail.com,Estonia
880,ellen32,johnny55@hotmail.com,Ethiopia
881,marcus07,marilynramirez@hotmail.com,Gambia
882,emmabaldwin,reidcharles@ayers.com,Lesotho
883,ypotts,nobrien@hansen.com,Mali
884,xglenn,bellchristopher@hotmail.com,Norfolk Island
885,dillon58,hhamilton@white-ferguson.com,French Guiana
886,janet56,hayesdavid@gmail.com,Ukraine
887,wrichardson,zgomez@anderson.com,Senegal
888,kaitlinjones,davidgonzalez@gmail.com,Djibouti
889,smithmatthew,pottergina@johnson-wolf.net,Libyan Arab Jamahiriya
890,michael78,ccontreras@lynch.com,Holy See (Vatican City State)
891,bonniewilliams,robertrussell@gmail.com,Egypt
892,kellywilliam,garzadana@mcfarland.com,Suriname
893,logan48,thomasperez@cortez.org,Honduras
894,warekimberly,callahandana@hotmail.com,Turkmenistan
895,emilyadkins,ihamilton@yahoo.com,Costa Rica
896,colemanmichelle,morgan65@jackson.com,Wallis and Futuna
897,xmeza,kimberly89@martinez.com,Comoros
898,brittany94,jessicapalmer@skinner-kennedy.info,Tunisia
899,nmccann,jeffreywillis@yahoo.com,South Georgia and the South Sandwich Islands
900,nicholas70,cjohnson@hotmail.com,British Virgin Islands
901,wjackson,kimberly93@gmail.com,Pitcairn Islands
902,ilang,ryanfrost@graves-davis.com,Martinique
903,tcantu,angiereyes@gmail.com,Kiribati
904,jon98,garciachristine@smith-howard.biz,Malawi
905,wmendoza,careycassandra@palmer-jones.com,Albania
906,ricemelissa,parrishkatherine@gmail.com,Belarus
907,zshaffer,lesliemcdaniel@yahoo.com,Guernsey
908,mlopez,chaddiaz@yahoo.com,San Marino
909,michelle35,brentgomez@reyes-johnson.com,Korea
910,cameronhawkins,cynthia09@moody.com,Netherlands Antilles
911,brownlarry,silvaveronica@solis.com,Bahamas
912,oliu,destinystuart@yahoo.com,Uruguay
913,tanyapatel,qhampton@zamora-martinez.com,Lesotho
914,janet71,rebecca17@gmail.com,United Arab Emirates
915,ksutton,scott74@walter-hernandez.com,Angola
916,joshuavillarreal,wtaylor@garcia-martinez.com,Central African Republic
917,wdickerson,rbrewer@hotmail.com,Nigeria
918,ryanjohnson,vrobbins@gmail.com,Bermuda
919,daniel94,xmolina@yahoo.com,Sao Tome and Principe
920,achandler,lisabell@torres.org,Tunisia
921,brewerrobin,ztaylor@yahoo.com,Tanzania
922,lawrencetammy,cassandranelson@yahoo.com,United Arab Emirates
923,keith21,billyjones@hernandez-griffin.com,Bhutan
924,angeljennings,huertajennifer@keller-simmons.com,Wallis and Futuna
925,stephenbowman,pbrown@johnson.com,Bulgaria
926,watsondonald,abennett@mcdaniel-morris.com,Nicaragua
927,moorejames,justin83@hotmail.com,South Georgia and the South Sandwich Islands
928,ahouse,gonzalezmitchell@gmail.com,Central African Republic
929,jenniferkeller,kellyfrey@mills.com,Togo
930,riveraandrea,mariejones@proctor-dominguez.com,Mayotte
931,tonywilson,hunter88@gmail.com,Antigua and Barbuda
932,wmorris,reevesjohn@yang.com,Cyprus
933,traciejohnson,martinezamy@mason-rivera.net,Turkmenistan
934,hodgesbill,andersonjocelyn@hotmail.com,French Southern Territories
935,richardsjennifer,logankimberly@yahoo.com,Sweden
936,ldunn,veronicawatson@jackson.net,Maldives
937,opowell,kayleelynn@price-williams.org,Tonga
938,wagnerjames,wilsonjennifer@cohen-norris.com,Malta
939,mckinneyrhonda,cameroncook@chen.com,Congo
940,simpsonangelica,vlee@gmail.com,Vanuatu
941,joelmiller,csoto@wilson.info,American Samoa
942,heidi58,jimmy82@thompson-rivera.com,Cayman Islands
943,gsingh,javiersilva@crosby-massey.com,French Guiana
944,daniel20,icain@yahoo.com,Zimbabwe
945,arnoldmelissa,gomezbryan@hotmail.com,United Kingdom
946,perrybarry,jamessimpson@clark.com,Kyrgyz Republic
947,gpugh,wardkirsten@hotmail.com,New Zealand
948,sthompson,eric93@morgan-coleman.net,Italy
949,kevincook,davidmay@gmail.com,Monaco
950,scottlopez,williamsdonna@wyatt.org,Luxembourg
951,kimberly82,valenciamitchell@butler-guzman.com,Kuwait
952,annholmes,valerieadams@russell-carroll.com,Pakistan
953,maldonadoshelby,kelly29@marks-roberts.com,Cuba
954,jenniferperez,garciajohn@yahoo.com,Tokelau
955,hunterjared,morrislaura@yahoo.com,Eritrea
956,iwood,laurenvazquez@hotmail.com,Greenland
957,kathyparker,caldwellkevin@yahoo.com,Iraq
958,derrick60,amanda06@gmail.com,Pitcairn Islands
959,cynthia74,hmcpherson@hotmail.com,Czech Republic
960,bhudson,xclark@martin-morales.info,Saint Barthelemy
961,cookjeff,amandadaniels@gray.biz,Kuwait
962,brian14,craig10@gmail.com,Equatorial Guinea
963,wfreeman,chudson@hotmail.com,Reunion
964,brandtluke,thomasstacey@carlson.org,Falkland Islands (Malvinas)
965,xrodriguez,boydrebekah@gmail.com,French Polynesia
966,lopezkelly,gsmith@grant.com,Guatemala
967,ymcconnell,william66@daniels.com,British Virgin Islands
968,osims,juliasimpson@yahoo.com,Marshall Islands
969,dsanders,revans@gmail.com,Peru
970,llara,frankjennifer@gmail.com,Antigua and Barbuda
971,williamsjasmine,zspears@gmail.com,Timor-Leste
972,kara78,ccampbell@castillo.biz,Nepal
973,dfinley,vazquezanita@gmail.com,Guyana
974,smithandrea,mwebb@mora.biz,Guernsey
975,dunnwendy,cainpaul@yahoo.com,Chile
976,bennettdavid,bcarrillo@may.info,Liechtenstein
977,jasmineroberson,asanchez@gmail.com,Hungary
978,ashleyhiggins,nicole21@yahoo.com,Kiribati
979,christopherkelly,asmith@hotmail.com,Bangladesh
980,lovekimberly,websterjustin@evans-wood.biz,France
981,hperry,yking@kaiser.net,Myanmar
982,flemingphilip,ijackson@gmail.com,Burkina Faso
983,woodardtheresa,beckerbryan@allison.net,French Guiana
984,wendy26,johnbrown@pena.org,Saint Barthelemy
985,marvinenglish,clee@hotmail.com,Gibraltar
986,chavezmichael,joseph00@lee-osborne.net,Estonia
987,stacybuckley,swu@yahoo.com,Palestinian Territory
988,daniel29,harrelljacob@hotmail.com,Oman
989,lamjonathan,madison70@hotmail.com,Netherlands
990,jennifer17,andrew73@smith.com,Saint Barthelemy
991,annagrant,banksmary@yahoo.com,Georgia
992,joycewatson,bradleygloria@gmail.com,Cook Islands
993,hernandezashley,donaldwells@schneider.info,Zimbabwe
994,dcarr,keithanderson@gmail.com,Christmas Island
995,kathleengarrison,jordan14@murphy-martin.com,Poland
996,bushjason,john03@jones-lewis.biz,United States Virgin Islands
997,rmacdonald,matthew37@schmitt.com,Vanuatu
998,charlesoliver,williamrussell@hotmail.com,French Guiana
999,lblair,fwolf@gmail.com,Uganda
1000,rachael25,ohardy@hobbs.biz,Qatar
